{
    "products": [
      {
        "id": 1,
        "name": "MacBook Pro",
        "brand": "Apple",
        "price": 1999.99,
        "stock": 50,
        "description": "High-performance laptop for professionals.",
        "category": "Electronics",
        "image": "https://iplanet.one/cdn/shop/files/r1587_Space_Grey_PDP_Image_Position-1__en-IN.jpg"
      },
      {
        "id": 2,
        "name": "iPhone 13",
        "brand": "Apple",
        "price": 999.99,
        "stock": 100,
        "description": "Latest smartphone with advanced features.",
        "category": "Electronics",
        "image": "https://sathya.in/media/89469/catalog/Apple%20iPhone%2013%20Midnight%20128GB%20Storage.jpg"
      },
      {
        "id": 3,
        "name": "Galaxy S21",
        "brand": "Samsung",
        "price": 899.99,
        "stock": 200,
        "description": "Flagship smartphone with stunning design.",
        "category": "Electronics",
        "image": "https://www.corning.com/microsites/csm/gorillaglass/Samsung/CGG_Samsun_galaxys21_phantom.jpg"
      },
      {
        "id": 4,
        "name": "ThinkPad X1 Carbon",
        "brand": "Lenovo",
        "price": 1499.99,
        "stock": 30,
        "description": "Ultra-portable laptop for business users.",
        "category": "Electronics",
        "image": "https://m.media-amazon.com/images/I/41AW34vZZdL._AC_UF1000,1000_QL80_.jpg"
      },
      {
        "id": 5,
        "name": "Pixel 6",
        "brand": "Google",
        "price": 799.99,
        "stock": 80,
        "description": "Google's flagship smartphone with outstanding camera capabilities.",
        "category": "Electronics",
        "image": "https://fdn2.gsmarena.com/vv/pics/google/google-pixel-6-1.jpg"
      },
      {
        "id": 6,
        "name": "Surface Laptop 4",
        "brand": "Microsoft",
        "price": 1299.99,
        "stock": 70,
        "description": "Sleek and powerful laptop for productivity.",
        "category": "Electronics",
        "image": "https://images-cdn.ubuy.co.in/633b11ae9fd918253e664eba-microsoft-surface-laptop-4-layar-sentuh.jpg"
      },
      {
        "id": 7,
        "name": "AirPods Pro",
        "brand": "Apple",
        "price": 249.99,
        "stock": 150,
        "description": "Wireless earbuds with active noise cancellation.",
        "category": "Electronics",
        "image": "https://www.shutterstock.com/image-photo/paris-france-oct-30-2019-600nw-1545943244.jpg"
      },
      {
        "id": 8,
        "name": "Bose QuietComfort 45",
        "brand": "Bose",
        "price": 329.99,
        "stock": 120,
        "description": "Premium noise-canceling headphones for immersive sound.",
        "category": "Electronics",
        "image": "https://m.media-amazon.com/images/S/aplus-media-library-service-media/acf6be7b-fe86-4efc-a27d-b0981aacbdb8.__CR0,0,600,450_PT0_SX600_V1___.jpg"
      },
      {
        "id": 9,
        "name": "Sony A7 III",
        "brand": "Sony",
        "price": 1999.99,
        "stock": 40,
        "description": "Mirrorless camera with outstanding image quality.",
        "category": "Electronics",
        "image": "https://images.squarespace-cdn.com/content/v1/61f906863dceaf34613d8c23/1be83e82-045e-42b6-9757-a109017da9c3/The+Sony+A7iii+for+fine+art+photography.jpg"
      },
      {
        "id": 10,
        "name": "Galaxy Watch 4",
        "brand": "Samsung",
        "price": 299.99,
        "stock": 60,
        "description": "Feature-rich smartwatch with health monitoring.",
        "category": "Electronics",
        "image": "https://images.indianexpress.com/2023/12/galaxy-watch-4-classic.jpg"
      }
    ]
  }
  